entries,size,statuses,profile_reversal_family,coefficient_min,coefficient_max,perron_sensitivity,perron_contribution
"[[[3,1,1,5],[1,1,0,3]],[[3,1,1,5],[2,0,1,2]],[[5,1,1,3],[2,1,0,2]],[[5,1,1,3],[3,0,1,1]]]",4,physical_lower_witness_substitution,"[3,1,1,5]",0.039593955294628,0.039593955294628,0.10728465187319468,0.004247823710066999
"[[[3,1,1,5],[1,0,1,3]],[[3,1,1,5],[2,1,0,2]],[[5,1,1,3],[2,0,1,2]],[[5,1,1,3],[3,1,0,1]]]",4,physical_lower_witness_substitution,"[3,1,1,5]",0.014281024204693649,0.014281024204693649,0.07179669014213168,0.0010253302697366723
"[[[1,1,5,3],[0,1,3,1]],[[1,1,5,3],[1,0,2,2]],[[3,5,1,1],[1,3,1,0]],[[3,5,1,1],[2,2,0,1]]]",4,provisional_common_1_over_q_target,"[1,1,5,3]",0.03125,0.03125,0.029979501025119357,0.0009368594070349799
"[[[1,1,5,3],[0,1,2,2]],[[1,1,5,3],[1,0,3,1]],[[3,5,1,1],[1,3,0,1]],[[3,5,1,1],[2,2,1,0]]]",4,provisional_common_1_over_q_target,"[1,1,5,3]",0.03125,0.03125,0.02776345395651881,0.0008676079361412128
"[[[1,3,5,1],[0,1,3,1]],[[1,3,5,1],[1,2,2,0]],[[1,5,3,1],[0,2,2,1]],[[1,5,3,1],[1,3,1,0]]]",4,provisional_common_1_over_q_target,"[1,3,5,1]",0.03125,0.03125,0.027704418451733045,0.0008657630766166577
"[[[1,1,3,5],[0,1,3,1]],[[1,1,3,5],[1,0,0,4]],[[5,3,1,1],[1,3,1,0]],[[5,3,1,1],[4,0,0,1]]]",4,provisional_common_1_over_q_target,"[1,1,3,5]",0.03125,0.03125,0.027207226896500323,0.0008502258405156351
"[[[1,1,3,5],[0,1,2,2]],[[1,1,3,5],[1,0,1,3]],[[5,3,1,1],[2,2,1,0]],[[5,3,1,1],[3,1,0,1]]]",4,local_slice_substitution_not_arbitrary_upper,"[1,1,3,5]",0.016866245903631352,0.016866245903631352,0.048261641901214125,0.0008139927200188758
"[[[1,1,3,5],[0,1,0,4]],[[1,1,3,5],[1,0,3,1]],[[5,3,1,1],[1,3,0,1]],[[5,3,1,1],[4,0,1,0]]]",4,provisional_common_1_over_q_target,"[1,1,3,5]",0.03125,0.03125,0.025196102850165422,0.0007873782140676694
"[[[1,3,5,1],[0,1,4,0]],[[1,3,5,1],[1,2,1,1]],[[1,5,3,1],[0,4,1,0]],[[1,5,3,1],[1,1,2,1]]]",4,provisional_common_1_over_q_target,"[1,3,5,1]",0.03125,0.03125,0.024690908045606835,0.0007715908764252136
"[[[1,1,3,5],[0,0,2,3]],[[1,1,3,5],[1,1,1,2]],[[5,3,1,1],[2,1,1,1]],[[5,3,1,1],[3,2,0,0]]]",4,provisional_common_1_over_q_target,"[1,1,3,5]",0.03125,0.03125,0.02388182229592868,0.0007463069467477713
"[[[1,1,5,3],[0,0,3,2]],[[1,1,5,3],[1,1,2,1]],[[3,5,1,1],[1,2,1,1]],[[3,5,1,1],[2,3,0,0]]]",4,provisional_common_1_over_q_target,"[1,1,5,3]",0.03125,0.03125,0.02388182229592868,0.0007463069467477713
"[[[3,3,1,5],[1,1,0,4]],[[3,3,1,5],[2,2,1,1]],[[5,1,3,3],[1,1,2,2]],[[5,1,3,3],[4,0,1,1]]]",4,provisional_common_1_over_q_target,"[3,3,1,5]",0.03125,0.03125,0.021899375404816533,0.0006843554814005167
"[[[1,1,5,3],[0,0,4,1]],[[1,1,5,3],[1,1,1,2]],[[3,5,1,1],[1,4,0,0]],[[3,5,1,1],[2,1,1,1]]]",4,provisional_common_1_over_q_target,"[1,1,5,3]",0.03125,0.03125,0.021669216426435954,0.0006771630133261236
"[[[1,1,5,3],[0,1,4,0]],[[1,1,5,3],[1,0,1,3]],[[3,5,1,1],[0,4,1,0]],[[3,5,1,1],[3,1,0,1]]]",4,provisional_common_1_over_q_target,"[1,1,5,3]",0.03125,0.03125,0.02120697699984666,0.0006627180312452081
"[[[3,1,3,5],[1,1,2,2]],[[3,1,3,5],[2,0,1,3]],[[5,3,1,3],[2,2,1,1]],[[5,3,1,3],[3,1,0,2]]]",4,provisional_common_1_over_q_target,"[3,1,3,5]",0.03125,0.03125,0.020725907402349066,0.0006476846063234083
"[[[3,1,1,7],[1,1,0,4]],[[3,1,1,7],[2,0,1,3]],[[7,1,1,3],[3,1,0,2]],[[7,1,1,3],[4,0,1,1]]]",4,provisional_common_1_over_q_target,"[3,1,1,7]",0.03125,0.03125,0.01880933458028832,0.00058779170563401
"[[[1,1,5,3],[0,1,1,3]],[[1,1,5,3],[1,0,4,0]],[[3,5,1,1],[0,4,0,1]],[[3,5,1,1],[3,1,1,0]]]",4,provisional_common_1_over_q_target,"[1,1,5,3]",0.03125,0.03125,0.016500984566985483,0.0005156557677182963
"[[[1,3,3,5],[0,2,1,3]],[[1,3,3,5],[1,1,2,2]],[[5,3,3,1],[2,2,1,1]],[[5,3,3,1],[3,1,2,0]]]",4,provisional_common_1_over_q_target,"[1,3,3,5]",0.03125,0.03125,0.016126668038797087,0.000503958376212409
"[[[1,3,5,1],[0,3,1,1]],[[1,3,5,1],[1,0,4,0]],[[1,5,3,1],[0,4,0,1]],[[1,5,3,1],[1,1,3,0]]]",4,provisional_common_1_over_q_target,"[1,3,5,1]",0.03125,0.03125,0.015343651731723843,0.0004794891166163701
"[[[1,1,5,3],[0,0,2,3]],[[1,1,5,3],[1,1,3,0]],[[3,5,1,1],[0,3,1,1]],[[3,5,1,1],[3,2,0,0]]]",4,provisional_common_1_over_q_target,"[1,1,5,3]",0.03125,0.03125,0.014840862205262048,0.000463776943914439
"[[[1,3,5,1],[0,3,2,0]],[[1,3,5,1],[1,0,3,1]],[[1,5,3,1],[0,2,3,0]],[[1,5,3,1],[1,3,0,1]]]",4,provisional_common_1_over_q_target,"[1,3,5,1]",0.03125,0.03125,0.014812811793900163,0.0004629003685593801
"[[[1,3,1,7],[0,2,1,3]],[[1,3,1,7],[1,1,0,4]],[[7,1,3,1],[3,1,2,0]],[[7,1,3,1],[4,0,1,1]]]",4,provisional_common_1_over_q_target,"[1,3,1,7]",0.03125,0.03125,0.014635397568774095,0.0004573561740241905
"[[[3,1,1,5],[0,0,0,5]],[[3,1,1,5],[3,1,1,0]],[[5,1,1,3],[0,1,1,3]],[[5,1,1,3],[5,0,0,0]]]",4,provisional_common_1_over_q_target,"[3,1,1,5]",0.03125,0.03125,0.014188305358379137,0.00044338454244934804
"[[[3,3,1,5],[0,2,1,3]],[[3,3,1,5],[3,1,0,2]],[[5,1,3,3],[2,0,1,3]],[[5,1,3,3],[3,1,2,0]]]",4,provisional_common_1_over_q_target,"[3,3,1,5]",0.03125,0.03125,0.013851166492185065,0.0004328489528807833
"[[[1,1,7,1],[0,0,4,1]],[[1,1,7,1],[1,1,3,0]],[[1,7,1,1],[0,3,1,1]],[[1,7,1,1],[1,4,0,0]]]",4,provisional_common_1_over_q_target,"[1,1,7,1]",0.03125,0.03125,0.013465884265270695,0.0004208088832897092
"[[[1,1,3,5],[0,0,0,5]],[[1,1,3,5],[1,1,3,0]],[[5,3,1,1],[0,3,1,1]],[[5,3,1,1],[5,0,0,0]]]",4,provisional_common_1_over_q_target,"[1,1,3,5]",0.03125,0.03125,0.013193177364572966,0.0004122867926429052
"[[[1,1,7,1],[0,1,3,1]],[[1,1,7,1],[1,0,4,0]],[[1,7,1,1],[0,4,0,1]],[[1,7,1,1],[1,3,1,0]]]",4,provisional_common_1_over_q_target,"[1,1,7,1]",0.03125,0.03125,0.013173496873727191,0.0004116717773039747
"[[[1,3,5,3],[0,2,3,1]],[[1,3,5,3],[1,1,2,2]],[[3,5,3,1],[1,3,2,0]],[[3,5,3,1],[2,2,1,1]]]",4,provisional_common_1_over_q_target,"[1,3,5,3]",0.03125,0.03125,0.012874662728779254,0.0004023332102743517
"[[[1,1,5,3],[0,0,5,0]],[[1,1,5,3],[1,1,0,3]],[[3,5,1,1],[0,5,0,0]],[[3,5,1,1],[3,0,1,1]]]",4,provisional_common_1_over_q_target,"[1,1,5,3]",0.03125,0.03125,0.012437499637986765,0.0003886718636870864
"[[[1,1,7,1],[0,1,4,0]],[[1,1,7,1],[1,0,3,1]],[[1,7,1,1],[0,4,1,0]],[[1,7,1,1],[1,3,0,1]]]",4,provisional_common_1_over_q_target,"[1,1,7,1]",0.03125,0.03125,0.012199728527623594,0.0003812415164882373
"[[[3,3,3,3],[1,1,2,2]],[[3,3,3,3],[2,2,1,1]]]",2,provisional_common_1_over_q_target,"[3,3,3,3]",0.03125,0.03125,0.012065403613085992,0.00037704386290893726
"[[[3,1,5,3],[1,1,2,2]],[[3,1,5,3],[2,0,3,1]],[[3,5,1,3],[1,3,0,2]],[[3,5,1,3],[2,2,1,1]]]",4,provisional_common_1_over_q_target,"[3,1,5,3]",0.03125,0.03125,0.011922983827405066,0.0003725932446064083
"[[[1,3,3,5],[0,2,3,1]],[[1,3,3,5],[1,1,0,4]],[[5,3,3,1],[1,3,2,0]],[[5,3,3,1],[4,0,1,1]]]",4,provisional_common_1_over_q_target,"[1,3,3,5]",0.03125,0.03125,0.011684112747050588,0.0003651285233453309
"[[[1,3,5,1],[0,0,4,1]],[[1,3,5,1],[1,3,1,0]],[[1,5,3,1],[0,1,3,1]],[[1,5,3,1],[1,4,0,0]]]",4,provisional_common_1_over_q_target,"[1,3,5,1]",0.03125,0.03125,0.011561314566580416,0.000361291080205638
"[[[3,3,3,3],[0,2,3,1]],[[3,3,3,3],[1,3,2,0]],[[3,3,3,3],[2,0,1,3]],[[3,3,3,3],[3,1,0,2]]]",4,provisional_common_1_over_q_target,"[3,3,3,3]",0.03125,0.03125,0.011058024916122285,0.0003455632786288214
"[[[3,1,3,5],[1,1,0,4]],[[3,1,3,5],[2,0,3,1]],[[5,3,1,3],[1,3,0,2]],[[5,3,1,3],[4,0,1,1]]]",4,provisional_common_1_over_q_target,"[3,1,3,5]",0.03125,0.03125,0.01082043780527605,0.00033813868141487654
"[[[1,5,3,3],[0,4,1,1]],[[1,5,3,3],[1,1,2,2]],[[3,3,5,1],[1,1,4,0]],[[3,3,5,1],[2,2,1,1]]]",4,provisional_common_1_over_q_target,"[1,5,3,3]",0.03125,0.03125,0.010603482469175772,0.0003313588271617429
"[[[3,3,1,5],[1,3,0,2]],[[3,3,1,5],[2,0,1,3]],[[5,1,3,3],[2,0,3,1]],[[5,1,3,3],[3,1,0,2]]]",4,provisional_common_1_over_q_target,"[3,3,1,5]",0.03125,0.03125,0.010240629600591446,0.0003200196750184827
"[[[5,1,1,5],[1,1,0,4]],[[5,1,1,5],[4,0,1,1]]]",2,provisional_common_1_over_q_target,"[5,1,1,5]",0.03125,0.03125,0.00993714463478316,0.00031053576983697376
"[[[1,1,7,1],[0,0,5,0]],[[1,1,7,1],[1,1,2,1]],[[1,7,1,1],[0,5,0,0]],[[1,7,1,1],[1,2,1,1]]]",4,provisional_common_1_over_q_target,"[1,1,7,1]",0.03125,0.03125,0.009690768189733173,0.00030283650592916164
"[[[1,5,1,5],[0,4,1,1]],[[1,5,1,5],[1,1,0,4]],[[5,1,5,1],[1,1,4,0]],[[5,1,5,1],[4,0,1,1]]]",4,provisional_common_1_over_q_target,"[1,5,1,5]",0.03125,0.03125,0.009622953804007822,0.00030071730637524444
"[[[1,1,3,7],[0,0,1,5]],[[1,1,3,7],[1,1,2,2]],[[7,3,1,1],[2,2,1,1]],[[7,3,1,1],[5,1,0,0]]]",4,provisional_common_1_over_q_target,"[1,1,3,7]",0.03125,0.03125,0.00911736184735856,0.000284917557729955
"[[[3,1,5,3],[1,1,4,0]],[[3,1,5,3],[2,0,1,3]],[[3,5,1,3],[0,4,1,1]],[[3,5,1,3],[3,1,0,2]]]",4,provisional_common_1_over_q_target,"[3,1,5,3]",0.03125,0.03125,0.009107312231155375,0.0002846035072236055
"[[[5,1,1,5],[2,0,1,3]],[[5,1,1,5],[3,1,0,2]]]",2,provisional_common_1_over_q_target,"[5,1,1,5]",0.03125,0.03125,0.008900722500174974,0.00027814757813046794
"[[[1,5,3,3],[0,2,1,3]],[[1,5,3,3],[1,3,2,0]],[[3,3,5,1],[0,2,3,1]],[[3,3,5,1],[3,1,2,0]]]",4,provisional_common_1_over_q_target,"[1,5,3,3]",0.03125,0.03125,0.008604163548797839,0.00026888011089993245
"[[[1,5,1,5],[0,2,1,3]],[[1,5,1,5],[1,3,0,2]],[[5,1,5,1],[2,0,3,1]],[[5,1,5,1],[3,1,2,0]]]",4,provisional_common_1_over_q_target,"[1,5,1,5]",0.03125,0.03125,0.007968154584069008,0.0002490048307521565
"[[[3,1,1,7],[0,0,1,5]],[[3,1,1,7],[3,1,0,2]],[[7,1,1,3],[2,0,1,3]],[[7,1,1,3],[5,1,0,0]]]",4,provisional_common_1_over_q_target,"[3,1,1,7]",0.03125,0.03125,0.00783088587260827,0.0002447151835190084
"[[[1,3,5,3],[0,2,1,3]],[[1,3,5,3],[1,1,4,0]],[[3,5,3,1],[0,4,1,1]],[[3,5,3,1],[3,1,2,0]]]",4,provisional_common_1_over_q_target,"[1,3,5,3]",0.03125,0.03125,0.007086329115842376,0.00022144778487007426
"[[[1,5,3,3],[0,2,3,1]],[[1,5,3,3],[1,3,0,2]],[[3,3,5,1],[1,3,2,0]],[[3,3,5,1],[2,0,3,1]]]",4,provisional_common_1_over_q_target,"[1,5,3,3]",0.03125,0.03125,0.006361345232249039,0.00019879203850778246
"[[[3,1,3,5],[0,0,1,5]],[[3,1,3,5],[3,1,2,0]],[[5,3,1,3],[0,2,1,3]],[[5,3,1,3],[5,1,0,0]]]",4,provisional_common_1_over_q_target,"[3,1,3,5]",0.03125,0.03125,0.006093151651490356,0.00019041098910907363
"[[[1,1,5,5],[0,0,3,3]],[[1,1,5,5],[1,1,2,2]],[[5,5,1,1],[2,2,1,1]],[[5,5,1,1],[3,3,0,0]]]",4,provisional_common_1_over_q_target,"[1,1,5,5]",0.03125,0.03125,0.005921316780306988,0.00018504114938459337
"[[[1,3,7,1],[0,2,3,1]],[[1,3,7,1],[1,1,4,0]],[[1,7,3,1],[0,4,1,1]],[[1,7,3,1],[1,3,2,0]]]",4,provisional_common_1_over_q_target,"[1,3,7,1]",0.03125,0.03125,0.005657343298200883,0.0001767919780687776
"[[[3,3,3,3],[0,2,1,3]],[[3,3,3,3],[3,1,2,0]]]",2,provisional_common_1_over_q_target,"[3,3,3,3]",0.03125,0.03125,0.0053887426888788725,0.00016839820902746477
"[[[1,1,3,7],[0,0,3,3]],[[1,1,3,7],[1,1,0,4]],[[7,3,1,1],[3,3,0,0]],[[7,3,1,1],[4,0,1,1]]]",4,provisional_common_1_over_q_target,"[1,1,3,7]",0.03125,0.03125,0.005373758857189838,0.00016792996428718245
"[[[1,7,1,3],[0,4,1,1]],[[1,7,1,3],[1,3,0,2]],[[3,1,7,1],[1,1,4,0]],[[3,1,7,1],[2,0,3,1]]]",4,provisional_common_1_over_q_target,"[1,7,1,3]",0.03125,0.03125,0.005239159585885575,0.0001637237370589242
"[[[3,1,3,5],[0,0,3,3]],[[3,1,3,5],[3,1,0,2]],[[5,3,1,3],[2,0,1,3]],[[5,3,1,3],[3,3,0,0]]]",4,provisional_common_1_over_q_target,"[3,1,3,5]",0.03125,0.03125,0.005085808449686367,0.00015893151405269897
"[[[1,3,3,5],[0,0,1,5]],[[1,3,3,5],[1,3,2,0]],[[5,3,3,1],[0,2,3,1]],[[5,3,3,1],[5,1,0,0]]]",4,provisional_common_1_over_q_target,"[1,3,3,5]",0.03125,0.03125,0.004864443930979195,0.00015201387284309985
"[[[1,3,5,1],[0,0,5,0]],[[1,3,5,1],[1,3,0,1]],[[1,5,3,1],[0,5,0,0]],[[1,5,3,1],[1,0,3,1]]]",4,provisional_common_1_over_q_target,"[1,3,5,1]",0.03125,0.03125,0.004788189276818044,0.00014963091490056388
"[[[1,3,1,7],[0,0,1,5]],[[1,3,1,7],[1,3,0,2]],[[7,1,3,1],[2,0,3,1]],[[7,1,3,1],[5,1,0,0]]]",4,provisional_common_1_over_q_target,"[1,3,1,7]",0.03125,0.03125,0.004504870344194482,0.00014077719825607757
"[[[1,1,7,3],[0,0,5,1]],[[1,1,7,3],[1,1,2,2]],[[3,7,1,1],[1,5,0,0]],[[3,7,1,1],[2,2,1,1]]]",4,provisional_common_1_over_q_target,"[1,1,7,3]",0.03125,0.03125,0.0041616894130779,0.00013005279415868436
"[[[1,1,5,5],[0,0,1,5]],[[1,1,5,5],[1,1,4,0]],[[5,5,1,1],[0,4,1,1]],[[5,5,1,1],[5,1,0,0]]]",4,provisional_common_1_over_q_target,"[1,1,5,5]",0.03125,0.03125,0.004006322109636893,0.0001251975659261529
"[[[3,1,5,3],[0,0,3,3]],[[3,1,5,3],[3,1,2,0]],[[3,5,1,3],[0,2,1,3]],[[3,5,1,3],[3,3,0,0]]]",4,provisional_common_1_over_q_target,"[3,1,5,3]",0.03125,0.03125,0.003957228167858432,0.000123663380245576
"[[[1,1,5,5],[0,0,5,1]],[[1,1,5,5],[1,1,0,4]],[[5,5,1,1],[1,5,0,0]],[[5,5,1,1],[4,0,1,1]]]",4,provisional_common_1_over_q_target,"[1,1,5,5]",0.03125,0.03125,0.0037768483217749923,0.00011802651005546851
"[[[3,1,5,3],[0,0,5,1]],[[3,1,5,3],[3,1,0,2]],[[3,5,1,3],[1,5,0,0]],[[3,5,1,3],[2,0,1,3]]]",4,provisional_common_1_over_q_target,"[3,1,5,3]",0.03125,0.03125,0.0035744676340225398,0.00011170211356320437
"[[[1,5,5,1],[0,2,3,1]],[[1,5,5,1],[1,3,2,0]]]",2,provisional_common_1_over_q_target,"[1,5,5,1]",0.03125,0.03125,0.003434550258228404,0.00010732969556963763
"[[[1,3,5,3],[0,0,3,3]],[[1,3,5,3],[1,3,2,0]],[[3,5,3,1],[0,2,3,1]],[[3,5,3,1],[3,3,0,0]]]",4,provisional_common_1_over_q_target,"[1,3,5,3]",0.03125,0.03125,0.0031592377222271293,9.872617881959779e-05
"[[[3,3,3,3],[1,3,0,2]],[[3,3,3,3],[2,0,3,1]]]",2,provisional_common_1_over_q_target,"[3,3,3,3]",0.03125,0.03125,0.002945561290514566,9.204879032858019e-05
"[[[1,3,3,5],[0,0,3,3]],[[1,3,3,5],[1,3,0,2]],[[5,3,3,1],[2,0,3,1]],[[5,3,3,1],[3,3,0,0]]]",4,provisional_common_1_over_q_target,"[1,3,3,5]",0.03125,0.03125,0.0029257108370569053,9.142846365802829e-05
"[[[1,7,1,3],[0,2,1,3]],[[1,7,1,3],[1,5,0,0]],[[3,1,7,1],[0,0,5,1]],[[3,1,7,1],[3,1,2,0]]]",4,provisional_common_1_over_q_target,"[1,7,1,3]",0.03125,0.03125,0.0027812655837096216,8.691454949092568e-05
"[[[1,1,7,3],[0,0,3,3]],[[1,1,7,3],[1,1,4,0]],[[3,7,1,1],[0,4,1,1]],[[3,7,1,1],[3,3,0,0]]]",4,provisional_common_1_over_q_target,"[1,1,7,3]",0.03125,0.03125,0.002601926163759822,8.131019261749444e-05
"[[[1,5,5,1],[0,4,1,1]],[[1,5,5,1],[1,1,4,0]]]",2,provisional_common_1_over_q_target,"[1,5,5,1]",0.03125,0.03125,0.0023296742504364614,7.280232032613942e-05
"[[[3,3,1,5],[0,0,1,5]],[[3,3,1,5],[3,3,0,0]],[[5,1,3,3],[0,0,3,3]],[[5,1,3,3],[5,1,0,0]]]",4,provisional_common_1_over_q_target,"[3,3,1,5]",0.03125,0.03125,0.0022372557698915906,6.991424280911221e-05
"[[[1,3,7,1],[0,0,5,1]],[[1,3,7,1],[1,3,2,0]],[[1,7,3,1],[0,2,3,1]],[[1,7,3,1],[1,5,0,0]]]",4,provisional_common_1_over_q_target,"[1,3,7,1]",0.03125,0.03125,0.002220412565278655,6.938789266495798e-05
"[[[1,3,5,3],[0,0,5,1]],[[1,3,5,3],[1,3,0,2]],[[3,5,3,1],[1,5,0,0]],[[3,5,3,1],[2,0,3,1]]]",4,provisional_common_1_over_q_target,"[1,3,5,3]",0.03125,0.03125,0.002056282456767285,6.425882677397766e-05
"[[[1,1,9,1],[0,0,5,1]],[[1,1,9,1],[1,1,4,0]],[[1,9,1,1],[0,4,1,1]],[[1,9,1,1],[1,5,0,0]]]",4,provisional_common_1_over_q_target,"[1,1,9,1]",0.03125,0.03125,0.0018287163094098562,5.714738466905801e-05
"[[[5,1,1,5],[0,0,1,5]],[[5,1,1,5],[5,1,0,0]]]",2,provisional_common_1_over_q_target,"[5,1,1,5]",0.03125,0.03125,0.0017224099939249385,5.382531231015433e-05
"[[[1,5,1,5],[0,0,1,5]],[[1,5,1,5],[1,5,0,0]],[[5,1,5,1],[0,0,5,1]],[[5,1,5,1],[5,1,0,0]]]",4,provisional_common_1_over_q_target,"[1,5,1,5]",0.03125,0.03125,0.0015724143796648161,4.9137949364525504e-05
"[[[1,5,3,3],[0,0,3,3]],[[1,5,3,3],[1,5,0,0]],[[3,3,5,1],[0,0,5,1]],[[3,3,5,1],[3,3,0,0]]]",4,provisional_common_1_over_q_target,"[1,5,3,3]",0.03125,0.03125,0.0010212124743741251,3.191288982419141e-05
"[[[3,3,3,3],[0,0,3,3]],[[3,3,3,3],[3,3,0,0]]]",2,provisional_common_1_over_q_target,"[3,3,3,3]",0.03125,0.03125,0.0007264985394835298,2.2703079358860306e-05
"[[[1,5,5,1],[0,0,5,1]],[[1,5,5,1],[1,5,0,0]]]",2,provisional_common_1_over_q_target,"[1,5,5,1]",0.03125,0.03125,0.00035887027335206555,1.1214696042252048e-05
"[[[3,3,1,5],[1,2,0,3]],[[3,3,1,5],[2,1,1,2]],[[5,1,3,3],[2,1,1,2]],[[5,1,3,3],[3,0,2,1]]]",4,provisional_common_1_over_q_target,"[3,3,1,5]",0.03125,0.03125,2.657273361880424e-21,8.303979255876325e-23
"[[[3,1,3,5],[1,0,2,3]],[[3,1,3,5],[2,1,1,2]],[[5,3,1,3],[2,1,1,2]],[[5,3,1,3],[3,2,0,1]]]",4,provisional_common_1_over_q_target,"[3,1,3,5]",0.03125,0.03125,2.302354697118756e-21,7.194858428496112e-23
"[[[3,1,1,7],[1,0,0,5]],[[3,1,1,7],[2,1,1,2]],[[7,1,1,3],[2,1,1,2]],[[7,1,1,3],[5,0,0,1]]]",4,provisional_common_1_over_q_target,"[3,1,1,7]",0.03125,0.03125,2.237413525778492e-21,6.991917268057787e-23
"[[[1,3,3,5],[0,1,1,4]],[[1,3,3,5],[1,2,2,1]],[[5,3,3,1],[1,2,2,1]],[[5,3,3,1],[4,1,1,0]]]",4,provisional_common_1_over_q_target,"[1,3,3,5]",0.03125,0.03125,1.7212803947298873e-21,5.379001233530898e-23
"[[[3,3,3,3],[1,2,2,1]],[[3,3,3,3],[2,1,1,2]]]",2,provisional_common_1_over_q_target,"[3,3,3,3]",0.03125,0.03125,1.6263977856566151e-21,5.0824930801769223e-23
"[[[3,1,3,5],[0,1,1,4]],[[3,1,3,5],[3,0,2,1]],[[5,3,1,3],[1,2,0,3]],[[5,3,1,3],[4,1,1,0]]]",4,provisional_common_1_over_q_target,"[3,1,3,5]",0.03125,0.03125,1.4061481703863034e-21,4.394213032457198e-23
"[[[1,3,1,7],[0,1,1,4]],[[1,3,1,7],[1,2,0,3]],[[7,1,3,1],[3,0,2,1]],[[7,1,3,1],[4,1,1,0]]]",4,provisional_common_1_over_q_target,"[1,3,1,7]",0.03125,0.03125,1.406148170386292e-21,4.3942130324571624e-23
"[[[3,1,5,3],[1,0,4,1]],[[3,1,5,3],[2,1,1,2]],[[3,5,1,3],[1,4,0,1]],[[3,5,1,3],[2,1,1,2]]]",4,provisional_common_1_over_q_target,"[3,1,5,3]",0.03125,0.03125,1.3526961871631844e-21,4.227175584884951e-23
"[[[1,5,3,3],[0,3,1,2]],[[1,5,3,3],[1,2,2,1]],[[3,3,5,1],[1,2,2,1]],[[3,3,5,1],[2,1,3,0]]]",4,provisional_common_1_over_q_target,"[1,5,3,3]",0.03125,0.03125,1.3039295206823612e-21,4.074779752132379e-23
"[[[3,3,1,5],[0,1,1,4]],[[3,3,1,5],[3,2,0,1]],[[5,1,3,3],[1,0,2,3]],[[5,1,3,3],[4,1,1,0]]]",4,provisional_common_1_over_q_target,"[3,3,1,5]",0.03125,0.03125,1.2183360174291228e-21,3.807300054466009e-23
"[[[1,1,3,7],[0,1,1,4]],[[1,1,3,7],[1,0,2,3]],[[7,3,1,1],[3,2,0,1]],[[7,3,1,1],[4,1,1,0]]]",4,provisional_common_1_over_q_target,"[1,1,3,7]",0.03125,0.03125,1.2183360174290816e-21,3.80730005446588e-23
"[[[1,3,5,3],[0,1,3,2]],[[1,3,5,3],[1,2,2,1]],[[3,5,3,1],[1,2,2,1]],[[3,5,3,1],[2,3,1,0]]]",4,provisional_common_1_over_q_target,"[1,3,5,3]",0.03125,0.03125,1.2052195100436247e-21,3.766310968886327e-23
"[[[5,1,1,5],[0,1,1,4]],[[5,1,1,5],[1,0,0,5]],[[5,1,1,5],[4,1,1,0]],[[5,1,1,5],[5,0,0,1]]]",4,provisional_common_1_over_q_target,"[5,1,1,5]",0.03125,0.03125,1.1839711264950497e-21,3.69990977029703e-23
"[[[1,5,1,5],[0,3,1,2]],[[1,5,1,5],[1,2,0,3]],[[5,1,5,1],[2,1,3,0]],[[5,1,5,1],[3,0,2,1]]]",4,provisional_common_1_over_q_target,"[1,5,1,5]",0.03125,0.03125,1.0652059451986737e-21,3.3287685787458554e-23
"[[[3,3,3,3],[0,3,1,2]],[[3,3,3,3],[1,2,0,3]],[[3,3,3,3],[2,1,3,0]],[[3,3,3,3],[3,0,2,1]]]",4,provisional_common_1_over_q_target,"[3,3,3,3]",0.03125,0.03125,1.0652059451986606e-21,3.328768578745814e-23
"[[[3,1,1,7],[0,1,1,4]],[[3,1,1,7],[3,0,0,3]],[[7,1,1,3],[3,0,0,3]],[[7,1,1,3],[4,1,1,0]]]",4,provisional_common_1_over_q_target,"[3,1,1,7]",0.03125,0.03125,1.0269903970321257e-21,3.209344990725393e-23
"[[[1,3,3,5],[0,1,3,2]],[[1,3,3,5],[1,2,0,3]],[[5,3,3,1],[2,3,1,0]],[[5,3,3,1],[3,0,2,1]]]",4,provisional_common_1_over_q_target,"[1,3,3,5]",0.03125,0.03125,9.845677753319555e-22,3.076774297912361e-23
"[[[3,1,5,3],[0,1,3,2]],[[3,1,5,3],[3,0,2,1]],[[3,5,1,3],[1,2,0,3]],[[3,5,1,3],[2,3,1,0]]]",4,provisional_common_1_over_q_target,"[3,1,5,3]",0.03125,0.03125,9.845677753319526e-22,3.076774297912352e-23
"[[[5,1,1,5],[2,1,1,2]],[[5,1,1,5],[3,0,0,3]]]",2,provisional_common_1_over_q_target,"[5,1,1,5]",0.03125,0.03125,9.70379325029011e-22,3.0324353907156594e-23
"[[[1,3,3,5],[0,3,1,2]],[[1,3,3,5],[1,0,2,3]],[[5,3,3,1],[2,1,3,0]],[[5,3,3,1],[3,2,0,1]]]",4,provisional_common_1_over_q_target,"[1,3,3,5]",0.03125,0.03125,9.22931733900172e-22,2.8841616684380377e-23
"[[[3,1,5,3],[1,0,2,3]],[[3,1,5,3],[2,1,3,0]],[[3,5,1,3],[0,3,1,2]],[[3,5,1,3],[3,2,0,1]]]",4,provisional_common_1_over_q_target,"[3,1,5,3]",0.03125,0.03125,9.22931733900124e-22,2.884161668437887e-23
"[[[3,1,3,5],[1,0,0,5]],[[3,1,3,5],[2,1,3,0]],[[5,3,1,3],[0,3,1,2]],[[5,3,1,3],[5,0,0,1]]]",4,provisional_common_1_over_q_target,"[3,1,3,5]",0.03125,0.03125,8.968991386873195e-22,2.8028098083978734e-23
"[[[1,3,1,7],[0,3,1,2]],[[1,3,1,7],[1,0,0,5]],[[7,1,3,1],[2,1,3,0]],[[7,1,3,1],[5,0,0,1]]]",4,provisional_common_1_over_q_target,"[1,3,1,7]",0.03125,0.03125,8.96899138687207e-22,2.802809808397522e-23
"[[[1,1,5,5],[0,1,3,2]],[[1,1,5,5],[1,0,2,3]],[[5,5,1,1],[2,3,1,0]],[[5,5,1,1],[3,2,0,1]]]",4,provisional_common_1_over_q_target,"[1,1,5,5]",0.03125,0.03125,8.530639996192115e-22,2.665824998810036e-23
"[[[3,3,3,3],[0,1,3,2]],[[3,3,3,3],[1,0,2,3]],[[3,3,3,3],[2,3,1,0]],[[3,3,3,3],[3,2,0,1]]]",4,provisional_common_1_over_q_target,"[3,3,3,3]",0.03125,0.03125,8.530639996192008e-22,2.6658249988100025e-23
"[[[3,3,1,5],[1,0,0,5]],[[3,3,1,5],[2,3,1,0]],[[5,1,3,3],[0,1,3,2]],[[5,1,3,3],[5,0,0,1]]]",4,provisional_common_1_over_q_target,"[3,3,1,5]",0.03125,0.03125,8.290021226926053e-22,2.5906316334143915e-23
"[[[1,1,3,7],[0,1,3,2]],[[1,1,3,7],[1,0,0,5]],[[7,3,1,1],[2,3,1,0]],[[7,3,1,1],[5,0,0,1]]]",4,provisional_common_1_over_q_target,"[1,1,3,7]",0.03125,0.03125,8.2900212269258e-22,2.5906316334143124e-23
"[[[3,3,1,5],[0,3,1,2]],[[3,3,1,5],[3,0,0,3]],[[5,1,3,3],[2,1,3,0]],[[5,1,3,3],[3,0,0,3]]]",4,provisional_common_1_over_q_target,"[3,3,1,5]",0.03125,0.03125,7.779807986238233e-22,2.4311899956994478e-23
"[[[3,1,3,5],[0,1,3,2]],[[3,1,3,5],[3,0,0,3]],[[5,3,1,3],[2,3,1,0]],[[5,3,1,3],[3,0,0,3]]]",4,provisional_common_1_over_q_target,"[3,1,3,5]",0.03125,0.03125,7.1908613316007735e-22,2.2471441661252417e-23
"[[[1,1,5,5],[0,1,1,4]],[[1,1,5,5],[1,0,4,1]],[[5,5,1,1],[1,4,0,1]],[[5,5,1,1],[4,1,1,0]]]",4,provisional_common_1_over_q_target,"[1,1,5,5]",0.03125,0.03125,7.158056434668336e-22,2.236892635833855e-23
"[[[1,5,1,5],[0,1,1,4]],[[1,5,1,5],[1,4,0,1]],[[5,1,5,1],[1,0,4,1]],[[5,1,5,1],[4,1,1,0]]]",4,provisional_common_1_over_q_target,"[1,5,1,5]",0.03125,0.03125,7.15805643466788e-22,2.2368926358337124e-23
"[[[1,5,3,3],[0,3,3,0]],[[1,5,3,3],[1,2,0,3]],[[3,3,5,1],[0,3,3,0]],[[3,3,5,1],[3,0,2,1]]]",4,provisional_common_1_over_q_target,"[1,5,3,3]",0.03125,0.03125,5.889619029934084e-22,1.8405059468544012e-23
"[[[1,7,1,3],[0,3,1,2]],[[1,7,1,3],[1,4,0,1]],[[3,1,7,1],[1,0,4,1]],[[3,1,7,1],[2,1,3,0]]]",4,provisional_common_1_over_q_target,"[1,7,1,3]",0.03125,0.03125,5.422475689871094e-22,1.694523653084717e-23
"[[[1,3,5,3],[0,3,1,2]],[[1,3,5,3],[1,0,4,1]],[[3,5,3,1],[1,4,0,1]],[[3,5,3,1],[2,1,3,0]]]",4,provisional_common_1_over_q_target,"[1,3,5,3]",0.03125,0.03125,5.422475689870563e-22,1.694523653084551e-23
"[[[1,3,5,3],[0,3,3,0]],[[1,3,5,3],[1,0,2,3]],[[3,5,3,1],[0,3,3,0]],[[3,5,3,1],[3,2,0,1]]]",4,provisional_common_1_over_q_target,"[1,3,5,3]",0.03125,0.03125,5.1029721790508585e-22,1.5946788059533933e-23
"[[[1,3,7,1],[0,1,5,0]],[[1,3,7,1],[1,2,2,1]],[[1,7,3,1],[0,5,1,0]],[[1,7,3,1],[1,2,2,1]]]",4,provisional_common_1_over_q_target,"[1,3,7,1]",0.03125,0.03125,5.059925636332113e-22,1.5812267613537854e-23
"[[[1,5,3,3],[0,1,3,2]],[[1,5,3,3],[1,4,0,1]],[[3,3,5,1],[1,0,4,1]],[[3,3,5,1],[2,3,1,0]]]",4,provisional_common_1_over_q_target,"[1,5,3,3]",0.03125,0.03125,5.011983692761001e-22,1.566244903987813e-23
"[[[1,1,7,3],[0,1,3,2]],[[1,1,7,3],[1,0,4,1]],[[3,7,1,1],[1,4,0,1]],[[3,7,1,1],[2,3,1,0]]]",4,provisional_common_1_over_q_target,"[1,1,7,3]",0.03125,0.03125,5.011983692760881e-22,1.5662449039877753e-23
"[[[1,3,3,5],[0,3,3,0]],[[1,3,3,5],[1,0,0,5]],[[5,3,3,1],[0,3,3,0]],[[5,3,3,1],[5,0,0,1]]]",4,provisional_common_1_over_q_target,"[1,3,3,5]",0.03125,0.03125,4.959035629639484e-22,1.5496986342623388e-23
"[[[1,3,5,3],[0,1,5,0]],[[1,3,5,3],[1,2,0,3]],[[3,5,3,1],[0,5,1,0]],[[3,5,3,1],[3,0,2,1]]]",4,provisional_common_1_over_q_target,"[1,3,5,3]",0.03125,0.03125,4.1335538344615255e-22,1.2917355732692267e-23
"[[[1,7,1,3],[0,5,1,0]],[[1,7,1,3],[1,2,0,3]],[[3,1,7,1],[0,1,5,0]],[[3,1,7,1],[3,0,2,1]]]",4,provisional_common_1_over_q_target,"[1,7,1,3]",0.03125,0.03125,4.1335538344614686e-22,1.291735573269209e-23
"[[[1,5,5,1],[0,3,3,0]],[[1,5,5,1],[1,2,2,1]]]",2,provisional_common_1_over_q_target,"[1,5,5,1]",0.03125,0.03125,3.6047715248488236e-22,1.1264911015152574e-23
"[[[1,1,7,3],[0,1,5,0]],[[1,1,7,3],[1,0,2,3]],[[3,7,1,1],[0,5,1,0]],[[3,7,1,1],[3,2,0,1]]]",4,provisional_common_1_over_q_target,"[1,1,7,3]",0.03125,0.03125,3.5814557971677e-22,1.1192049366149062e-23
"[[[1,5,3,3],[0,5,1,0]],[[1,5,3,3],[1,0,2,3]],[[3,3,5,1],[0,1,5,0]],[[3,3,5,1],[3,2,0,1]]]",4,provisional_common_1_over_q_target,"[1,5,3,3]",0.03125,0.03125,3.581455797167493e-22,1.1192049366148416e-23
"[[[1,5,1,5],[0,5,1,0]],[[1,5,1,5],[1,0,0,5]],[[5,1,5,1],[0,1,5,0]],[[5,1,5,1],[5,0,0,1]]]",4,provisional_common_1_over_q_target,"[1,5,1,5]",0.03125,0.03125,3.480435769774792e-22,1.0876361780546225e-23
"[[[1,1,5,5],[0,1,5,0]],[[1,1,5,5],[1,0,0,5]],[[5,5,1,1],[0,5,1,0]],[[5,5,1,1],[5,0,0,1]]]",4,provisional_common_1_over_q_target,"[1,1,5,5]",0.03125,0.03125,3.4804357697743104e-22,1.087636178054472e-23
"[[[3,1,5,3],[0,1,5,0]],[[3,1,5,3],[3,0,0,3]],[[3,5,1,3],[0,5,1,0]],[[3,5,1,3],[3,0,0,3]]]",4,provisional_common_1_over_q_target,"[3,1,5,3]",0.03125,0.03125,3.0189706767822754e-22,9.43428336494461e-24
"[[[1,3,7,1],[0,3,3,0]],[[1,3,7,1],[1,0,4,1]],[[1,7,3,1],[0,3,3,0]],[[1,7,3,1],[1,4,0,1]]]",4,provisional_common_1_over_q_target,"[1,3,7,1]",0.03125,0.03125,2.9981353517945183e-22,9.36917297435787e-24
"[[[3,3,3,3],[0,3,3,0]],[[3,3,3,3],[3,0,0,3]]]",2,provisional_common_1_over_q_target,"[3,3,3,3]",0.03125,0.03125,2.150762740834879e-22,6.721133565108997e-24
"[[[1,5,5,1],[0,1,5,0]],[[1,5,5,1],[0,5,1,0]],[[1,5,5,1],[1,0,4,1]],[[1,5,5,1],[1,4,0,1]]]",4,provisional_common_1_over_q_target,"[1,5,5,1]",0.03125,0.03125,2.1042029741920633e-22,6.575634294350198e-24
"[[[1,1,9,1],[0,1,5,0]],[[1,1,9,1],[1,0,4,1]],[[1,9,1,1],[0,5,1,0]],[[1,9,1,1],[1,4,0,1]]]",4,provisional_common_1_over_q_target,"[1,1,9,1]",0.03125,0.03125,2.104202974191835e-22,6.575634294349484e-24
"[[[3,3,1,5],[1,2,1,2]],[[3,3,1,5],[2,1,0,3]],[[5,1,3,3],[2,1,2,1]],[[5,1,3,3],[3,0,1,2]]]",4,provisional_common_1_over_q_target,"[3,3,1,5]",0.03125,0.03125,1.5194701509116232e-22,4.748344221598823e-24
"[[[3,1,3,5],[1,0,1,4]],[[3,1,3,5],[2,1,2,1]],[[5,3,1,3],[1,2,1,2]],[[5,3,1,3],[4,1,0,1]]]",4,provisional_common_1_over_q_target,"[3,1,3,5]",0.03125,0.03125,1.2366793013093764e-22,3.864622816591801e-24
"[[[3,1,1,7],[1,0,1,4]],[[3,1,1,7],[2,1,0,3]],[[7,1,1,3],[3,0,1,2]],[[7,1,1,3],[4,1,0,1]]]",4,provisional_common_1_over_q_target,"[3,1,1,7]",0.03125,0.03125,1.1130468494566869e-22,3.4782714045521465e-24
"[[[1,3,3,5],[0,1,2,3]],[[1,3,3,5],[1,2,1,2]],[[5,3,3,1],[2,1,2,1]],[[5,3,3,1],[3,2,1,0]]]",4,provisional_common_1_over_q_target,"[1,3,3,5]",0.03125,0.03125,9.820693054985024e-23,3.06896657968282e-24
"[[[1,5,3,3],[0,3,2,1]],[[1,5,3,3],[1,2,1,2]],[[3,3,5,1],[1,2,3,0]],[[3,3,5,1],[2,1,2,1]]]",4,provisional_common_1_over_q_target,"[1,5,3,3]",0.03125,0.03125,9.196273352076339e-23,2.873835422523856e-24
"[[[3,1,3,5],[0,1,2,3]],[[3,1,3,5],[3,0,1,2]],[[5,3,1,3],[2,1,0,3]],[[5,3,1,3],[3,2,1,0]]]",4,provisional_common_1_over_q_target,"[3,1,3,5]",0.03125,0.03125,8.838905488890024e-23,2.7621579652781324e-24
"[[[3,3,3,3],[1,2,1,2]],[[3,3,3,3],[2,1,2,1]]]",2,provisional_common_1_over_q_target,"[3,3,3,3]",0.03125,0.03125,8.441231766214766e-23,2.6378849269421143e-24
"[[[1,3,1,7],[0,1,0,5]],[[1,3,1,7],[1,2,1,2]],[[7,1,3,1],[2,1,2,1]],[[7,1,3,1],[5,0,1,0]]]",4,provisional_common_1_over_q_target,"[1,3,1,7]",0.03125,0.03125,8.420575300308028e-23,2.6314297813462588e-24
"[[[3,3,3,3],[0,3,2,1]],[[3,3,3,3],[1,2,3,0]],[[3,3,3,3],[2,1,0,3]],[[3,3,3,3],[3,0,1,2]]]",4,provisional_common_1_over_q_target,"[3,3,3,3]",0.03125,0.03125,8.276909842706606e-23,2.5865343258458144e-24
"[[[3,1,5,3],[1,0,3,2]],[[3,1,5,3],[2,1,2,1]],[[3,5,1,3],[1,2,1,2]],[[3,5,1,3],[2,3,0,1]]]",4,provisional_common_1_over_q_target,"[3,1,5,3]",0.03125,0.03125,8.269673019767305e-23,2.5842728186772827e-24
"[[[3,1,1,7],[0,1,0,5]],[[3,1,1,7],[3,0,1,2]],[[7,1,1,3],[2,1,0,3]],[[7,1,1,3],[5,0,1,0]]]",4,provisional_common_1_over_q_target,"[3,1,1,7]",0.03125,0.03125,7.578759342631142e-23,2.368362294572232e-24
"[[[3,1,3,5],[1,0,3,2]],[[3,1,3,5],[2,1,0,3]],[[5,3,1,3],[2,3,0,1]],[[5,3,1,3],[3,0,1,2]]]",4,provisional_common_1_over_q_target,"[3,1,3,5]",0.03125,0.03125,7.442942960995473e-23,2.3259196753110852e-24
"[[[1,1,3,7],[0,1,2,3]],[[1,1,3,7],[1,0,1,4]],[[7,3,1,1],[3,2,1,0]],[[7,3,1,1],[4,1,0,1]]]",4,provisional_common_1_over_q_target,"[1,1,3,7]",0.03125,0.03125,7.193883642780285e-23,2.248088638368839e-24
"[[[1,3,5,3],[0,1,4,1]],[[1,3,5,3],[1,2,1,2]],[[3,5,3,1],[1,4,1,0]],[[3,5,3,1],[2,1,2,1]]]",4,provisional_common_1_over_q_target,"[1,3,5,3]",0.03125,0.03125,6.951676282993438e-23,2.1723988384354494e-24
"[[[5,1,1,5],[2,1,0,3]],[[5,1,1,5],[3,0,1,2]]]",2,provisional_common_1_over_q_target,"[5,1,1,5]",0.03125,0.03125,6.837833634498901e-23,2.1368230107809065e-24
"[[[1,3,3,5],[0,3,2,1]],[[1,3,3,5],[1,0,1,4]],[[5,3,3,1],[1,2,3,0]],[[5,3,3,1],[4,1,0,1]]]",4,provisional_common_1_over_q_target,"[1,3,3,5]",0.03125,0.03125,6.736481842130449e-23,2.1051505756657652e-24
"[[[3,1,5,3],[0,1,4,1]],[[3,1,5,3],[3,0,1,2]],[[3,5,1,3],[1,4,1,0]],[[3,5,1,3],[2,1,0,3]]]",4,provisional_common_1_over_q_target,"[3,1,5,3]",0.03125,0.03125,6.256708086765874e-23,1.9552212771143356e-24
"[[[3,3,1,5],[1,0,1,4]],[[3,3,1,5],[2,3,0,1]],[[5,1,3,3],[1,0,3,2]],[[5,1,3,3],[4,1,0,1]]]",4,provisional_common_1_over_q_target,"[3,3,1,5]",0.03125,0.03125,6.057725777082667e-23,1.8930393053383335e-24
"[[[1,3,5,3],[0,1,2,3]],[[1,3,5,3],[1,2,3,0]],[[3,5,3,1],[0,3,2,1]],[[3,5,3,1],[3,2,1,0]]]",4,provisional_common_1_over_q_target,"[1,3,5,3]",0.03125,0.03125,5.34956155343093e-23,1.6717379854471656e-24
"[[[1,1,5,5],[0,1,4,1]],[[1,1,5,5],[1,0,1,4]],[[5,5,1,1],[1,4,1,0]],[[5,5,1,1],[4,1,0,1]]]",4,provisional_common_1_over_q_target,"[1,1,5,5]",0.03125,0.03125,5.0922628395127354e-23,1.5913321373477298e-24
"[[[3,3,1,5],[0,1,0,5]],[[3,3,1,5],[3,2,1,0]],[[5,1,3,3],[0,1,2,3]],[[5,1,3,3],[5,0,1,0]]]",4,provisional_common_1_over_q_target,"[3,3,1,5]",0.03125,0.03125,4.8983304605844297e-23,1.5307282689326343e-24
"[[[1,1,5,5],[0,1,2,3]],[[1,1,5,5],[1,0,3,2]],[[5,5,1,1],[2,3,0,1]],[[5,5,1,1],[3,2,1,0]]]",4,provisional_common_1_over_q_target,"[1,1,5,5]",0.03125,0.03125,4.810549137926049e-23,1.5032966056018903e-24
"[[[3,3,1,5],[1,1,1,3]],[[3,3,1,5],[2,2,0,2]],[[5,1,3,3],[2,0,2,2]],[[5,1,3,3],[3,1,1,1]]]",4,provisional_common_1_over_q_target,"[3,3,1,5]",0.03125,0.03125,4.795079151612302e-23,1.4984622348788443e-24
"[[[3,1,3,5],[1,1,1,3]],[[3,1,3,5],[2,0,2,2]],[[5,3,1,3],[2,2,0,2]],[[5,3,1,3],[3,1,1,1]]]",4,provisional_common_1_over_q_target,"[3,1,3,5]",0.03125,0.03125,4.795079151612263e-23,1.4984622348788322e-24
"[[[1,5,1,5],[0,3,0,3]],[[1,5,1,5],[1,2,1,2]],[[5,1,5,1],[2,1,2,1]],[[5,1,5,1],[3,0,3,0]]]",4,provisional_common_1_over_q_target,"[1,5,1,5]",0.03125,0.03125,4.73146434192872e-23,1.478582606852725e-24
"[[[1,3,3,5],[0,1,0,5]],[[1,3,3,5],[1,2,3,0]],[[5,3,3,1],[0,3,2,1]],[[5,3,3,1],[5,0,1,0]]]",4,provisional_common_1_over_q_target,"[1,3,3,5]",0.03125,0.03125,4.58688461518225e-23,1.4334014422444531e-24
"[[[5,1,1,5],[1,0,1,4]],[[5,1,1,5],[4,1,0,1]]]",2,provisional_common_1_over_q_target,"[5,1,1,5]",0.03125,0.03125,4.5294802246829107e-23,1.4154625702134096e-24
"[[[1,3,5,3],[0,3,2,1]],[[1,3,5,3],[1,0,3,2]],[[3,5,3,1],[1,2,3,0]],[[3,5,3,1],[2,3,0,1]]]",4,provisional_common_1_over_q_target,"[1,3,5,3]",0.03125,0.03125,4.5046846081306325e-23,1.4077139400408227e-24
"[[[3,3,1,5],[0,3,0,3]],[[3,3,1,5],[3,0,1,2]],[[5,1,3,3],[2,1,0,3]],[[5,1,3,3],[3,0,3,0]]]",4,provisional_common_1_over_q_target,"[3,3,1,5]",0.03125,0.03125,4.2584536455983724e-23,1.3307667642494914e-24
"[[[1,1,3,7],[0,1,0,5]],[[1,1,3,7],[1,0,3,2]],[[7,3,1,1],[2,3,0,1]],[[7,3,1,1],[5,0,1,0]]]",4,provisional_common_1_over_q_target,"[1,1,3,7]",0.03125,0.03125,4.1247181868924526e-23,1.2889744334038914e-24
"[[[1,5,3,3],[0,1,2,3]],[[1,5,3,3],[1,4,1,0]],[[3,3,5,1],[0,1,4,1]],[[3,3,5,1],[3,2,1,0]]]",4,provisional_common_1_over_q_target,"[1,5,3,3]",0.03125,0.03125,4.043857631419637e-23,1.2637055098186365e-24
"[[[5,1,1,5],[1,1,1,3]],[[5,1,1,5],[2,0,0,4]],[[5,1,1,5],[3,1,1,1]],[[5,1,1,5],[4,0,0,2]]]",4,provisional_common_1_over_q_target,"[5,1,1,5]",0.03125,0.03125,4.042731248481144e-23,1.2633535151503574e-24
"[[[3,1,1,7],[1,1,1,3]],[[3,1,1,7],[2,0,0,4]],[[7,1,1,3],[3,1,1,1]],[[7,1,1,3],[4,0,0,2]]]",4,provisional_common_1_over_q_target,"[3,1,1,7]",0.03125,0.03125,4.042731248481042e-23,1.2633535151503256e-24
"[[[3,3,3,3],[0,2,2,2]],[[3,3,3,3],[1,1,1,3]],[[3,3,3,3],[2,2,2,0]],[[3,3,3,3],[3,1,1,1]]]",4,provisional_common_1_over_q_target,"[3,3,3,3]",0.03125,0.03125,4.012576489285051e-23,1.2539301529015784e-24
"[[[1,3,3,5],[0,2,2,2]],[[1,3,3,5],[1,1,1,3]],[[5,3,3,1],[2,2,2,0]],[[5,3,3,1],[3,1,1,1]]]",4,provisional_common_1_over_q_target,"[1,3,3,5]",0.03125,0.03125,4.012576489285029e-23,1.2539301529015716e-24
"[[[1,3,7,1],[0,1,4,1]],[[1,3,7,1],[1,2,3,0]],[[1,7,3,1],[0,3,2,1]],[[1,7,3,1],[1,4,1,0]]]",4,provisional_common_1_over_q_target,"[1,3,7,1]",0.03125,0.03125,3.7867409119908983e-23,1.1833565349971557e-24
"[[[1,5,1,5],[0,1,0,5]],[[1,5,1,5],[1,4,1,0]],[[5,1,5,1],[0,1,4,1]],[[5,1,5,1],[5,0,1,0]]]",4,provisional_common_1_over_q_target,"[1,5,1,5]",0.03125,0.03125,3.4673324477679275e-23,1.0835413899274773e-24
"[[[1,3,1,7],[0,3,0,3]],[[1,3,1,7],[1,0,1,4]],[[7,1,3,1],[3,0,3,0]],[[7,1,3,1],[4,1,0,1]]]",4,provisional_common_1_over_q_target,"[1,3,1,7]",0.03125,0.03125,3.465906504273405e-23,1.083095782585439e-24
"[[[1,1,7,3],[0,1,4,1]],[[1,1,7,3],[1,0,3,2]],[[3,7,1,1],[1,4,1,0]],[[3,7,1,1],[2,3,0,1]]]",4,provisional_common_1_over_q_target,"[1,1,7,3]",0.03125,0.03125,3.4051955562688524e-23,1.0641236113340164e-24
"[[[1,7,1,3],[0,5,0,1]],[[1,7,1,3],[1,2,1,2]],[[3,1,7,1],[1,0,5,0]],[[3,1,7,1],[2,1,2,1]]]",4,provisional_common_1_over_q_target,"[1,7,1,3]",0.03125,0.03125,3.39857866366989e-23,1.0620558323968406e-24
"[[[3,3,3,3],[1,1,3,1]],[[3,3,3,3],[1,3,1,1]],[[3,3,3,3],[2,0,2,2]],[[3,3,3,3],[2,2,0,2]]]",4,provisional_common_1_over_q_target,"[3,3,3,3]",0.03125,0.03125,3.216429457143553e-23,1.0051342053573603e-24
"[[[3,1,5,3],[1,1,3,1]],[[3,1,5,3],[2,0,2,2]],[[3,5,1,3],[1,3,1,1]],[[3,5,1,3],[2,2,0,2]]]",4,provisional_common_1_over_q_target,"[3,1,5,3]",0.03125,0.03125,3.216429457143532e-23,1.0051342053573537e-24
"[[[3,1,5,3],[1,0,5,0]],[[3,1,5,3],[2,1,0,3]],[[3,5,1,3],[0,5,0,1]],[[3,5,1,3],[3,0,1,2]]]",4,provisional_common_1_over_q_target,"[3,1,5,3]",0.03125,0.03125,3.05881829689052e-23,9.558807177782875e-25
"[[[3,3,1,5],[0,2,0,4]],[[3,3,1,5],[3,1,1,1]],[[5,1,3,3],[1,1,1,3]],[[5,1,3,3],[4,0,2,0]]]",4,provisional_common_1_over_q_target,"[3,3,1,5]",0.03125,0.03125,3.015483822982985e-23,9.423386946821829e-25
"[[[1,3,1,7],[0,2,0,4]],[[1,3,1,7],[1,1,1,3]],[[7,1,3,1],[3,1,1,1]],[[7,1,3,1],[4,0,2,0]]]",4,provisional_common_1_over_q_target,"[1,3,1,7]",0.03125,0.03125,3.0154838229829663e-23,9.42338694682177e-25
"[[[3,3,3,3],[0,1,2,3]],[[3,3,3,3],[3,2,1,0]]]",2,provisional_common_1_over_q_target,"[3,3,3,3]",0.03125,0.03125,2.856396280517762e-23,8.926238376618007e-25
"[[[3,1,5,3],[0,1,2,3]],[[3,1,5,3],[3,0,3,0]],[[3,5,1,3],[0,3,0,3]],[[3,5,1,3],[3,2,1,0]]]",4,provisional_common_1_over_q_target,"[3,1,5,3]",0.03125,0.03125,2.752338775278344e-23,8.601058672744825e-25
"[[[3,3,1,5],[1,3,1,1]],[[3,3,1,5],[2,0,0,4]],[[5,1,3,3],[1,1,3,1]],[[5,1,3,3],[4,0,0,2]]]",4,provisional_common_1_over_q_target,"[3,3,1,5]",0.03125,0.03125,2.711771685887034e-23,8.474286518396981e-25
"[[[3,1,3,5],[1,1,3,1]],[[3,1,3,5],[2,0,0,4]],[[5,3,1,3],[1,3,1,1]],[[5,3,1,3],[4,0,0,2]]]",4,provisional_common_1_over_q_target,"[3,1,3,5]",0.03125,0.03125,2.7117716858869794e-23,8.47428651839681e-25
"[[[1,5,3,3],[0,2,2,2]],[[1,5,3,3],[1,3,1,1]],[[3,3,5,1],[1,1,3,1]],[[3,3,5,1],[2,2,2,0]]]",4,provisional_common_1_over_q_target,"[1,5,3,3]",0.03125,0.03125,2.69154456289601e-23,8.411076759050031e-25
"[[[1,3,5,3],[0,2,2,2]],[[1,3,5,3],[1,1,3,1]],[[3,5,3,1],[1,3,1,1]],[[3,5,3,1],[2,2,2,0]]]",4,provisional_common_1_over_q_target,"[1,3,5,3]",0.03125,0.03125,2.691544562895998e-23,8.411076759049994e-25
"[[[1,5,3,3],[0,3,0,3]],[[1,5,3,3],[1,2,3,0]],[[3,3,5,1],[0,3,2,1]],[[3,3,5,1],[3,0,3,0]]]",4,provisional_common_1_over_q_target,"[1,5,3,3]",0.03125,0.03125,2.5773394599816834e-23,8.054185812442761e-25
"[[[1,5,5,1],[0,3,2,1]],[[1,5,5,1],[1,2,3,0]]]",2,provisional_common_1_over_q_target,"[1,5,5,1]",0.03125,0.03125,2.504712757219292e-23,7.827227366310288e-25
"[[[1,5,1,5],[0,5,0,1]],[[1,5,1,5],[1,0,1,4]],[[5,1,5,1],[1,0,5,0]],[[5,1,5,1],[4,1,0,1]]]",4,provisional_common_1_over_q_target,"[1,5,1,5]",0.03125,0.03125,2.4895370744597496e-23,7.779803357686717e-25
"[[[3,1,3,5],[0,1,0,5]],[[3,1,3,5],[3,0,3,0]],[[5,3,1,3],[0,3,0,3]],[[5,3,1,3],[5,0,1,0]]]",4,provisional_common_1_over_q_target,"[3,1,3,5]",0.03125,0.03125,2.35994300804029e-23,7.374821900125906e-25
"[[[1,3,3,5],[0,3,0,3]],[[1,3,3,5],[1,0,3,2]],[[5,3,3,1],[2,3,0,1]],[[5,3,3,1],[3,0,3,0]]]",4,provisional_common_1_over_q_target,"[1,3,3,5]",0.03125,0.03125,2.3176512679625993e-23,7.242660212383123e-25
"[[[5,1,1,5],[0,1,0,5]],[[5,1,1,5],[5,0,1,0]]]",2,provisional_common_1_over_q_target,"[5,1,1,5]",0.03125,0.03125,2.0999923456638757e-23,6.562476080199612e-25
"[[[1,1,3,7],[0,0,2,4]],[[1,1,3,7],[1,1,1,3]],[[7,3,1,1],[3,1,1,1]],[[7,3,1,1],[4,2,0,0]]]",4,provisional_common_1_over_q_target,"[1,1,3,7]",0.03125,0.03125,2.0596648394091207e-23,6.436452623153502e-25
"[[[3,1,3,5],[0,0,2,4]],[[3,1,3,5],[3,1,1,1]],[[5,3,1,3],[1,1,1,3]],[[5,3,1,3],[4,2,0,0]]]",4,provisional_common_1_over_q_target,"[3,1,3,5]",0.03125,0.03125,2.0596648393898008e-23,6.436452623093128e-25
"[[[3,3,3,3],[1,0,3,2]],[[3,3,3,3],[2,3,0,1]]]",2,provisional_common_1_over_q_target,"[3,3,3,3]",0.03125,0.03125,2.025400254004901e-23,6.329375793765316e-25
"[[[1,5,1,5],[0,2,0,4]],[[1,5,1,5],[1,3,1,1]],[[5,1,5,1],[1,1,3,1]],[[5,1,5,1],[4,0,2,0]]]",4,provisional_common_1_over_q_target,"[1,5,1,5]",0.03125,0.03125,2.022717600505322e-23,6.320992501579131e-25
"[[[1,3,3,5],[0,2,0,4]],[[1,3,3,5],[1,1,3,1]],[[5,3,3,1],[1,3,1,1]],[[5,3,3,1],[4,0,2,0]]]",4,provisional_common_1_over_q_target,"[1,3,3,5]",0.03125,0.03125,2.022717600505312e-23,6.3209925015791e-25
"[[[1,1,7,3],[0,1,2,3]],[[1,1,7,3],[1,0,5,0]],[[3,7,1,1],[0,5,0,1]],[[3,7,1,1],[3,2,1,0]]]",4,provisional_common_1_over_q_target,"[1,1,7,3]",0.03125,0.03125,1.9769862268580586e-23,6.178081958931433e-25
"[[[1,7,1,3],[0,3,0,3]],[[1,7,1,3],[1,4,1,0]],[[3,1,7,1],[0,1,4,1]],[[3,1,7,1],[3,0,3,0]]]",4,provisional_common_1_over_q_target,"[1,7,1,3]",0.03125,0.03125,1.9482706647844705e-23,6.08834582745147e-25
"[[[1,3,7,1],[0,3,2,1]],[[1,3,7,1],[1,0,5,0]],[[1,7,3,1],[0,5,0,1]],[[1,7,3,1],[1,2,3,0]]]",4,provisional_common_1_over_q_target,"[1,3,7,1]",0.03125,0.03125,1.8512854086452804e-23,5.785266902016501e-25
"[[[1,3,5,3],[0,2,4,0]],[[1,3,5,3],[1,1,1,3]],[[3,5,3,1],[0,4,2,0]],[[3,5,3,1],[3,1,1,1]]]",4,provisional_common_1_over_q_target,"[1,3,5,3]",0.03125,0.03125,1.818395799341352e-23,5.682486872941725e-25
"[[[1,5,3,3],[0,4,2,0]],[[1,5,3,3],[1,1,1,3]],[[3,3,5,1],[0,2,4,0]],[[3,3,5,1],[3,1,1,1]]]",4,provisional_common_1_over_q_target,"[1,5,3,3]",0.03125,0.03125,1.818395799341348e-23,5.682486872941713e-25
"[[[1,1,5,5],[0,1,0,5]],[[1,1,5,5],[1,0,5,0]],[[5,5,1,1],[0,5,0,1]],[[5,5,1,1],[5,0,1,0]]]",4,provisional_common_1_over_q_target,"[1,1,5,5]",0.03125,0.03125,1.6951310154730438e-23,5.297284423353262e-25
"[[[1,5,3,3],[0,5,0,1]],[[1,5,3,3],[1,0,3,2]],[[3,3,5,1],[1,0,5,0]],[[3,3,5,1],[2,3,0,1]]]",4,provisional_common_1_over_q_target,"[1,5,3,3]",0.03125,0.03125,1.6647531461530307e-23,5.202353581728221e-25
"[[[3,1,1,7],[0,0,0,6]],[[3,1,1,7],[3,1,1,1]],[[7,1,1,3],[1,1,1,3]],[[7,1,1,3],[6,0,0,0]]]",4,provisional_common_1_over_q_target,"[3,1,1,7]",0.03125,0.03125,1.5281625875138575e-23,4.775508085980805e-25
"[[[1,5,1,5],[0,4,0,2]],[[1,5,1,5],[1,1,1,3]],[[5,1,5,1],[2,0,4,0]],[[5,1,5,1],[3,1,1,1]]]",4,provisional_common_1_over_q_target,"[1,5,1,5]",0.03125,0.03125,1.4883545810376116e-23,4.651108065742536e-25
"[[[3,1,5,3],[1,1,1,3]],[[3,1,5,3],[2,0,4,0]],[[3,5,1,3],[0,4,0,2]],[[3,5,1,3],[3,1,1,1]]]",4,provisional_common_1_over_q_target,"[3,1,5,3]",0.03125,0.03125,1.4883545810375658e-23,4.651108065742393e-25
"[[[1,5,5,1],[0,1,4,1]],[[1,5,5,1],[1,4,1,0]]]",2,provisional_common_1_over_q_target,"[1,5,5,1]",0.03125,0.03125,1.431242633832391e-23,4.472633230726221e-25
"[[[1,1,9,1],[0,1,4,1]],[[1,1,9,1],[1,0,5,0]],[[1,9,1,1],[0,5,0,1]],[[1,9,1,1],[1,4,1,0]]]",4,provisional_common_1_over_q_target,"[1,1,9,1]",0.03125,0.03125,1.3994295706130904e-23,4.373217408165908e-25
"[[[1,1,5,5],[0,0,2,4]],[[1,1,5,5],[1,1,3,1]],[[5,5,1,1],[1,3,1,1]],[[5,5,1,1],[4,2,0,0]]]",4,provisional_common_1_over_q_target,"[1,1,5,5]",0.03125,0.03125,1.3815760807795087e-23,4.317425252435965e-25
"[[[1,3,3,5],[0,0,2,4]],[[1,3,3,5],[1,3,1,1]],[[5,3,3,1],[1,1,3,1]],[[5,3,3,1],[4,2,0,0]]]",4,provisional_common_1_over_q_target,"[1,3,3,5]",0.03125,0.03125,1.3815760807691735e-23,4.317425252403667e-25
"[[[3,1,5,3],[0,0,4,2]],[[3,1,5,3],[3,1,1,1]],[[3,5,1,3],[1,1,1,3]],[[3,5,1,3],[2,4,0,0]]]",4,provisional_common_1_over_q_target,"[3,1,5,3]",0.03125,0.03125,1.3408210151672904e-23,4.190065672397782e-25
"[[[1,1,5,5],[0,0,4,2]],[[1,1,5,5],[1,1,1,3]],[[5,5,1,1],[2,4,0,0]],[[5,5,1,1],[3,1,1,1]]]",4,provisional_common_1_over_q_target,"[1,1,5,5]",0.03125,0.03125,1.340821015167256e-23,4.190065672397675e-25
"[[[1,3,7,1],[0,2,4,0]],[[1,3,7,1],[1,1,3,1]],[[1,7,3,1],[0,4,2,0]],[[1,7,3,1],[1,3,1,1]]]",4,provisional_common_1_over_q_target,"[1,3,7,1]",0.03125,0.03125,1.2197383252330753e-23,3.8116822663533603e-25
"[[[1,5,5,1],[0,2,4,0]],[[1,5,5,1],[0,4,2,0]],[[1,5,5,1],[1,1,3,1]],[[1,5,5,1],[1,3,1,1]]]",4,provisional_common_1_over_q_target,"[1,5,5,1]",0.03125,0.03125,1.2197383252330734e-23,3.8116822663533543e-25
"[[[1,3,1,7],[0,0,0,6]],[[1,3,1,7],[1,3,1,1]],[[7,1,3,1],[1,1,3,1]],[[7,1,3,1],[6,0,0,0]]]",4,provisional_common_1_over_q_target,"[1,3,1,7]",0.03125,0.03125,1.0250565228170134e-23,3.203301633803167e-25
"[[[1,1,3,7],[0,0,0,6]],[[1,1,3,7],[1,1,3,1]],[[7,3,1,1],[1,3,1,1]],[[7,3,1,1],[6,0,0,0]]]",4,provisional_common_1_over_q_target,"[1,1,3,7]",0.03125,0.03125,1.0250565228166413e-23,3.203301633802004e-25
"[[[1,5,3,3],[0,4,0,2]],[[1,5,3,3],[1,1,3,1]],[[3,3,5,1],[1,3,1,1]],[[3,3,5,1],[2,0,4,0]]]",4,provisional_common_1_over_q_target,"[1,5,3,3]",0.03125,0.03125,9.983542222685242e-24,3.119856944589138e-25
"[[[1,7,1,3],[0,4,0,2]],[[1,7,1,3],[1,3,1,1]],[[3,1,7,1],[1,1,3,1]],[[3,1,7,1],[2,0,4,0]]]",4,provisional_common_1_over_q_target,"[1,7,1,3]",0.03125,0.03125,9.983542222684998e-24,3.119856944589062e-25
"[[[1,3,5,3],[0,3,0,3]],[[1,3,5,3],[1,0,5,0]],[[3,5,3,1],[0,5,0,1]],[[3,5,3,1],[3,0,3,0]]]",4,provisional_common_1_over_q_target,"[1,3,5,3]",0.03125,0.03125,9.524826592664031e-24,2.97650831020751e-25
"[[[1,3,5,3],[0,0,4,2]],[[1,3,5,3],[1,3,1,1]],[[3,5,3,1],[1,1,3,1]],[[3,5,3,1],[2,4,0,0]]]",4,provisional_common_1_over_q_target,"[1,3,5,3]",0.03125,0.03125,8.993920795845667e-24,2.810600248701771e-25
"[[[1,1,7,3],[0,0,4,2]],[[1,1,7,3],[1,1,3,1]],[[3,7,1,1],[1,3,1,1]],[[3,7,1,1],[2,4,0,0]]]",4,provisional_common_1_over_q_target,"[1,1,7,3]",0.03125,0.03125,8.993920795845484e-24,2.810600248701714e-25
"[[[1,7,1,3],[0,6,0,0]],[[1,7,1,3],[1,1,1,3]],[[3,1,7,1],[0,0,6,0]],[[3,1,7,1],[3,1,1,1]]]",4,provisional_common_1_over_q_target,"[1,7,1,3]",0.03125,0.03125,6.895901000297854e-24,2.1549690625930794e-25
"[[[1,1,7,3],[0,0,6,0]],[[1,1,7,3],[1,1,1,3]],[[3,7,1,1],[0,6,0,0]],[[3,7,1,1],[3,1,1,1]]]",4,provisional_common_1_over_q_target,"[1,1,7,3]",0.03125,0.03125,6.895901000297274e-24,2.154969062592898e-25
"[[[3,3,3,3],[0,3,0,3]],[[3,3,3,3],[3,0,3,0]]]",2,provisional_common_1_over_q_target,"[3,3,3,3]",0.03125,0.03125,6.630180120282889e-24,2.071931287588403e-25
"[[[1,3,7,1],[0,0,6,0]],[[1,3,7,1],[1,3,1,1]],[[1,7,3,1],[0,6,0,0]],[[1,7,3,1],[1,1,3,1]]]",4,provisional_common_1_over_q_target,"[1,3,7,1]",0.03125,0.03125,4.6256127187067705e-24,1.4455039745958658e-25
"[[[1,1,9,1],[0,0,6,0]],[[1,1,9,1],[1,1,3,1]],[[1,9,1,1],[0,6,0,0]],[[1,9,1,1],[1,3,1,1]]]",4,provisional_common_1_over_q_target,"[1,1,9,1]",0.03125,0.03125,4.6256127187064605e-24,1.445503974595769e-25
"[[[1,5,5,1],[0,5,0,1]],[[1,5,5,1],[1,0,5,0]]]",2,provisional_common_1_over_q_target,"[1,5,5,1]",0.03125,0.03125,3.420809087174335e-24,1.0690028397419798e-25
